{"schema":5,"addons":[{"id":"{d10d0bf8-f5b5-c8b4-a8b2-2b9879e08c5d}","icons":{"32":"https://addons.cdn.mozilla.net/user-media/addon_icons/1/1865-32.png?modified=mcrushed","64":"https://addons.cdn.mozilla.net/user-media/addon_icons/1/1865-64.png?modified=mcrushed","128":"https://addons.cdn.mozilla.net/user-media/addon_icons/1/1865-128.png?modified=mcrushed"},"name":"Adblock Plus","version":"3.4.3","sourceURI":"https://addons.mozilla.org/firefox/downloads/file/1242199/adblock_plus-3.4.3-an+fx.xpi?src=","homepageURL":"http://adblockplus.org/fr/","supportURL":"http://adblockplus.org/forum/","description":"Bloque les publicités vidéos sur Youtube, les bannières publicitaires intrusives, trackers, selon vos souhaits.\n\nBloque les publicités les plus pénibles mais soutient par défaut les sites intégrant des publicités discrètes (paramètre modifiable).","fullDescription":"En téléchargeant le logiciel Adblock Plus vous acceptez que si vous utilisez Adblock Plus pour visiter un site Internet en violation de toute obligation ou droit de quelque nature que ce soit en relation avec ce site Internet, en aucun cas EYEO ne pourra être tenu pour responsable envers vous ou tout autre tiers pour toute perte ou dommage (y compris, sans y être limité, les dommages pour perte de chances et perte de bénéfices) découlant directement ou indirectement de votre utilisation de ce logiciel.\n\nAvec Adblock Plus vous avez repris le contrôle de l'Internet, et que vous décidez ce que les autres savent de vos données et ce que vous et vos enfants voyez tout en surfant. L'extension est soutenue par plus de quarante abonnements de filtre ouvertes par des volontaires internationaux. Choisissez le bon filtre pour vous et vous dire que ce que votre navigateur pour vous montrer ou il peut dire à votre sujet. Vous pouvez demander à votre navigateur exemplaire efficace pour charger ne importe quel problème de confidentialité Tracker ou des biscuits. Demandez harceler la publicité (dans la mesure permise dans votre pays) de ne pas charger, protégeant ainsi votre bande passante. En outre, Adblock Plus, ils protègent avant de visiter les sites Web malveillants connus. Tout cela permet à travers le monde par les listes de filtres librement disponibles de centaines de bénévoles. Avec Adblock Plus vous pouvez même créer vos propres filtres, soutenue par de nombreuses fonctionnalités utiles, y compris une entrée de menu contextuel pour les images, un onglet pour Flash et Java, et la liste des éléments filtrables pour enlever son exécution. Adblock Plus, il protège globale et en fonction de votre volonté.\n\nAvec Adblock Plus 2.0 a introduit la possibilité d'utiliser une liste de filtres d'Adblock Plus, qui permet à certains examiné publicité intrusive Adblock Plus ne (Acceptable annonces) aussi longtemps que vous le souhaitez (l'option trouvée dans les paramètres de filtre). Bien sûr, vous pouvez continuer à créer de filtre d'exception personnalisée ou restreindre les exceptions existantes en totalité ou en partie. Notre liste de filtres ne est que de la proposition. Le sens en aidant les sites qui utilisent ce type de publicité. En conséquence, plus de pages, nous l'espérons mettre sur pas de publicité intrusive et la nécessité de se défendre contre intrusive évier de la publicité au profit de tous les utilisateurs d'Internet. En savoir plus...","weeklyDownloads":261736,"type":"extension","creator":{"name":"Adblock Plus","url":"https://addons.mozilla.org/fr/firefox/user/13462625/"},"developers":[],"screenshots":[{"url":"https://addons.cdn.mozilla.net/user-media/previews/full/137/137084.png?modified=1543518618","width":700,"height":521,"thumbnailURL":"https://addons.cdn.mozilla.net/user-media/previews/thumbs/137/137084.png?modified=1543518618","thumbnailWidth":640,"thumbnailHeight":476,"caption":"Easily remove all annoying ads from Firefox."},{"url":"https://addons.cdn.mozilla.net/user-media/previews/full/137/137086.png?modified=1543518619","width":700,"height":521,"thumbnailURL":"https://addons.cdn.mozilla.net/user-media/previews/thumbs/137/137086.png?modified=1543518619","thumbnailWidth":640,"thumbnailHeight":476,"caption":"Adblock Plus can do more than adblocking. Enable powerful features in one click."},{"url":"https://addons.cdn.mozilla.net/user-media/previews/full/137/137088.png?modified=1543518621","width":700,"height":521,"thumbnailURL":"https://addons.cdn.mozilla.net/user-media/previews/thumbs/137/137088.png?modified=1543518621","thumbnailWidth":640,"thumbnailHeight":476,"caption":"Clean up your Facebook experience with Adblock Plus."},{"url":"https://addons.cdn.mozilla.net/user-media/previews/full/137/137090.png?modified=1543518622","width":700,"height":521,"thumbnailURL":"https://addons.cdn.mozilla.net/user-media/previews/thumbs/137/137090.png?modified=1543518622","thumbnailWidth":640,"thumbnailHeight":476,"caption":"Adblock Plus even removes those annoying 30-second video ads on YouTube."},{"url":"https://addons.cdn.mozilla.net/user-media/previews/full/137/137092.png?modified=1543518624","width":700,"height":521,"thumbnailURL":"https://addons.cdn.mozilla.net/user-media/previews/thumbs/137/137092.png?modified=1543518624","thumbnailWidth":640,"thumbnailHeight":476,"caption":"Remove all annoying blinking banners!"},{"url":"https://addons.cdn.mozilla.net/user-media/previews/full/137/137094.png?modified=1543518625","width":700,"height":521,"thumbnailURL":"https://addons.cdn.mozilla.net/user-media/previews/thumbs/137/137094.png?modified=1543518625","thumbnailWidth":640,"thumbnailHeight":476,"caption":"Browse the web as it once used to be."},{"url":"https://addons.cdn.mozilla.net/user-media/previews/full/137/137096.png?modified=1543518627","width":700,"height":521,"thumbnailURL":"https://addons.cdn.mozilla.net/user-media/previews/thumbs/137/137096.png?modified=1543518627","thumbnailWidth":640,"thumbnailHeight":476,"caption":"Please help us by reporting bugs."},{"url":"https://addons.cdn.mozilla.net/user-media/previews/full/137/137098.png?modified=1543518628","width":700,"height":521,"thumbnailURL":"https://addons.cdn.mozilla.net/user-media/previews/thumbs/137/137098.png?modified=1543518628","thumbnailWidth":640,"thumbnailHeight":476,"caption":"You can even create your own blocking lists to customize the web to your exact needs."}],"contributionURL":"","averageRating":4.6079,"reviewCount":6144,"reviewURL":"https://addons.mozilla.org/fr/firefox/addon/adblock-plus/reviews/","updateDate":1548210608000}],"compatOverrides":[]}